Age,Min,Max,Average,CoV
1,2,15,7,0.428571429
2,2,15,7,0.428571429
3,2,15,7,0.428571429
4,2,15,7,0.428571429
5,2,15,7,0.428571429
6,2,15,7,0.428571429
7,2,15,7,0.428571429
8,2,15,7,0.428571429
9,2,15,7,0.428571429
10,2,15,7,0.428571429
11,2,15,7,0.428571429
12,2,15,7,0.428571429
13,2,15,7,0.428571429
14,2,15,7,0.428571429
15,2,15,7,0.428571429
16,2,15,7,0.428571429
17,2,15,7,0.428571429
18,2,15,7,0.428571429
19,2,15,7,0.428571429
